商品,商品價格,販售商城,商品網址,圖片網址
【GCT玩具嚴選】頭頂籃球組(派對遊戲),190,有閑社交電商,https://gcttoys.jollybuy.com/Goods/Detail/P11220984649?utm_source=feebee&utm_medium=cpc&utm_campaign=20190701-20190930feebee,https://img.feebee.com.tw/ip/200/cnAXWOUPWfVWgsgIUWBOfaFBz4UzpsJG-KwYIYjwt1o=/https://s.yimg.com/ut/api/res/1.2/jQzgsuGdLOWhOlQ86ifCyQ--~B/dz02MDA7aD02MDA7cT0xMDA7Zmk9Zml0O3NzPTEuMDthcHBpZD15dHdtYWxs/https://s.yimg.com/fy/a92e/item/p0131218683895-item-2f17xf4x1000x1000-m.jpg
Pie Face 奶油打臉 砸派機,374,松果購物,https://www.pcone.com.tw/product/info/181104104251?aid=fb&utm_source=feebee&ecid=PkmfEFDidAACQWpp5E-OXaQ%3D%3D.93,https://img.feebee.com.tw/ip/200/lVrCZQnDCkkR-RnetDIp5bsL-XBVJs1OR97PiMZBvgw=/https://s.yimg.com/ut/api/res/1.2/WKjvaww_p6BblDIVocV.Bg--~B/dz02MDA7aD02MDA7cT0xMDA7Zmk9Zml0O3NzPTEuMDthcHBpZD15dHdtYWxs/https://s.yimg.com/fy/0f97/item/p0753141030369-item-275fxf4x0528x0527-m.jpg
桌上遊戲 兩人三築 Lift It,792,樂天市場購物網,https://affiliate.api.rakuten.com.tw/redirect?nw=tw&site=afl&ar=1a0d8dccecb7dbb3e661d9ea76b24b5b3cc271130acbc8f83d8fecbdc9eefc6a9951df4322d2499b&pr=0f4e0c3dd849229d&ap=pr%3D0f4e0c3dd849229d&e=1&url=https%3A%2F%2Fwww.rakuten.com.tw%2Fshop%2Fpunch29%2Fproduct%2F100563702117%3Fscid%3Drafp-f133%26gid%3DPkmfEFDidAACQWpp5E-OXaQ%253D%253D.9K%26utm_source%3Dfeebee%26utm_medium%3Drafp-f133%26utm_campaign%3Dnormal,https://img.feebee.com.tw/ip/200/AOKebvtJfPIfOLT4AxNO6BlMcv0yf7ezidGeFaYnHLA=/http://cf.shopee.tw/file/2aab8febbb7593b93e40dae6704ace97
迪士尼 Disney 冰雪奇緣化妝台 (20203),899,樂天市場購物網,https://affiliate.api.rakuten.com.tw/redirect?nw=tw&site=afl&ar=1a0d8dccecb7dbb3e661d9ea76b24b5b3cc271130acbc8f83d8fecbdc9eefc6a9951df4322d2499b&pr=0f4e0c3dd849229d&ap=pr%3D0f4e0c3dd849229d&e=1&url=https%3A%2F%2Fwww.rakuten.com.tw%2Fshop%2Fzinbaby63%2Fproduct%2F1842904933%3Fscid%3Drafp-f133%26gid%3DPkmfEFDidAACQWpp5E-OXaQ%253D%253D.9g%26utm_source%3Dfeebee%26utm_medium%3Drafp-f133%26utm_campaign%3Dnormal,https://img.feebee.com.tw/ip/200/1spjqCezAvzE5Ubv62hUVlbrlq_idVBEY5qYJLK3MfE=/http://cf.shopee.tw/file/2adc0b9bb35023eed1d8a8ff26220699
【美國 B.Toys 感統玩具】雙頭輪胎式裝載機_Driven系列,946,ETMall東森購物網,https://www.etmall.com.tw/i/6218220?Store=10095&Cate=107306&utm_source=sitetag&utm_medium=sitetag_cpa&utm_campaign=feebee_PkmfEFDidAACQWpp5E-OXaQ%3D%3D.9Q_2021062317,https://img.feebee.com.tw/ip/200/QP4J-lzfCF2kgw9y6vVURAQDwMDxZwETfM-PnsVp364=/https://media.etmall.com.tw/NXimg/006218/6218220/6218220_XL.jpg?t=15843557980
[DOKODEMO] 麵包超人 兒童玩具 飲料自動販賣機,"3,538",DOKODEMO日本網路購物商城,https://shareasale.com/r.cfm?b=1312821&u=2447045&m=85767&urllink=https%3A%2F%2Fdokodemo.world%2Fzh-Hant%2Fitem%2F195992%2F&afftrack=PkmfEFDidAACQWpp5E-OXaQ%3D%3D.99&fbsc_pm=1,https://img.feebee.com.tw/ip/200/cQEDFM0jcrn7rKYPwe-puMXlwOqXaokAm8_5PVGV5r8=/https://image.dokodemo.world/catalog-skus/195992/e616d59b4d8ef04e0c8258ba19f9e856.jpg
[DOKODEMO] pigeon 貝親 嬰兒3個月以上磨牙玩具 1個,218,DOKODEMO日本網路購物商城,https://shareasale.com/r.cfm?b=1312821&u=2447045&m=85767&urllink=https%3A%2F%2Fdokodemo.world%2Fzh-Hant%2Fitem%2F50314%2F&afftrack=PkmfEFDidAACQWpp5E-OXaQ%3D%3D.9r&fbsc_pm=1,https://img.feebee.com.tw/ip/200/0K2-rYHTX1POsCtqYQC-RogczTzkdOefPMBYKYmFr24=/https://image.dokodemo.world/catalog-skus/50314/1e17c11c0a69a26eb8da6c835d3fec3b.jpg
[DOKODEMO] 超人Okkina Fuwakoro毛絨玩具,"1,708",DOKODEMO日本網路購物商城,https://shareasale.com/r.cfm?b=1312821&u=2447045&m=85767&urllink=https%3A%2F%2Fdokodemo.world%2Fzh-Hant%2Fitem%2F157665%2F&afftrack=PkmfEFDidAACQWpp5E-OXaQ%3D%3D.9j&fbsc_pm=1,https://img.feebee.com.tw/ip/200/LryuhLoc023TiV0GqdRFA_sjTUSXo33S9bIs6tLRQSQ=/https://image.dokodemo.world/catalog-skus/157665/3c7d66ce1c6807eb0048a4cae6446fc8.jpg
抽屜環保筷－玩具總動員4,225,金石堂,https://www.kingstone.com.tw/basic/2004030102527?utm_source=fee&utm_medium=pricecompare&utm_campaign=fee&partner=fee,https://img.feebee.com.tw/ip/200/3_x58gxdbY-yKgBJ8hOOkMdpgRZ0gAJvwMMkfArA-fQ=/https://cdn.kingstone.com.tw/cvlife/images/product/20040/2004030102527/2004030102527b.jpg
[DOKODEMO] 超人Okkina Fuwakoro毛絨玩具,"1,708",DOKODEMO日本網路購物商城,https://shareasale.com/r.cfm?b=1312821&u=2447045&m=85767&urllink=https%3A%2F%2Fdokodemo.world%2Fzh-Hant%2Fitem%2F157665%2F&afftrack=PQPUMFTidAACQJEYDEEOCaA%3D%3D.99&fbsc_pm=1,https://img.feebee.com.tw/ip/200/LryuhLoc023TiV0GqdRFA_sjTUSXo33S9bIs6tLRQSQ=/https://image.dokodemo.world/catalog-skus/157665/3c7d66ce1c6807eb0048a4cae6446fc8.jpg
[DOKODEMO] 麵包超人 兒童玩具 飲料自動販賣機,"3,538",DOKODEMO日本網路購物商城,https://shareasale.com/r.cfm?b=1312821&u=2447045&m=85767&urllink=https%3A%2F%2Fdokodemo.world%2Fzh-Hant%2Fitem%2F195992%2F&afftrack=PQPUMFTidAACQJEYDEEOCaA%3D%3D.9r&fbsc_pm=1,https://img.feebee.com.tw/ip/200/cQEDFM0jcrn7rKYPwe-puMXlwOqXaokAm8_5PVGV5r8=/https://image.dokodemo.world/catalog-skus/195992/e616d59b4d8ef04e0c8258ba19f9e856.jpg
[DOKODEMO] pigeon 貝親 嬰兒3個月以上磨牙玩具 1個,218,DOKODEMO日本網路購物商城,https://shareasale.com/r.cfm?b=1312821&u=2447045&m=85767&urllink=https%3A%2F%2Fdokodemo.world%2Fzh-Hant%2Fitem%2F50314%2F&afftrack=PQPUMFTidAACQJEYDEEOCaA%3D%3D.9j&fbsc_pm=1,https://img.feebee.com.tw/ip/200/0K2-rYHTX1POsCtqYQC-RogczTzkdOefPMBYKYmFr24=/https://image.dokodemo.world/catalog-skus/50314/1e17c11c0a69a26eb8da6c835d3fec3b.jpg
鑽石畫玩具總動員4 三眼外星人,495,金石堂,https://www.kingstone.com.tw/basic/2002280323723?utm_source=fee&utm_medium=pricecompare&utm_campaign=fee&partner=fee,https://img.feebee.com.tw/ip/200/TU4527yJRPDo1sFftORaIffeD_3p02fgySMszqEGODE=/https://cdn.kingstone.com.tw/cvlife/images/product/20022/2002280323723/2002280323723b.jpg
